benchmark,particles,frames,threads,repetition,sequential_ms,parallel_ms,speedup,efficiency
movement,1000,200,1,1,1.49688,1.2473,1.20009,1.20009
movement,1000,200,1,2,1.69661,1.24612,1.36151,1.36151
movement,1000,200,1,3,1.61964,1.9312,0.838674,0.838674
movement,1000,200,1,4,1.40033,1.15268,1.21485,1.21485
movement,1000,200,1,5,1.44744,1.70474,0.849071,0.849071
movement,1000,200,1,6,1.70246,1.6109,1.05684,1.05684
movement,1000,200,1,7,1.52931,1.30645,1.17058,1.17058
movement,1000,200,1,8,1.68376,1.2595,1.33685,1.33685
movement,1000,200,1,9,1.73981,1.1942,1.45688,1.45688
movement,1000,200,1,10,1.66223,1.16587,1.42573,1.42573
movement,1000,200,2,1,1.49688,0.785658,1.90525,0.952627
movement,1000,200,2,2,1.69661,0.662865,2.5595,1.27975
movement,1000,200,2,3,1.61964,0.723236,2.23944,1.11972
movement,1000,200,2,4,1.40033,0.664964,2.10588,1.05294
movement,1000,200,2,5,1.44744,0.653347,2.21543,1.10771
movement,1000,200,2,6,1.70246,0.659239,2.58246,1.29123
movement,1000,200,2,7,1.52931,0.829989,1.84257,0.921283
movement,1000,200,2,8,1.68376,0.677173,2.48646,1.24323
movement,1000,200,2,9,1.73981,0.844593,2.05994,1.02997
movement,1000,200,2,10,1.66223,0.736144,2.25802,1.12901
movement,1000,200,4,1,1.49688,0.961432,1.55693,0.389231
movement,1000,200,4,2,1.69661,0.479678,3.53697,0.884242
movement,1000,200,4,3,1.61964,0.478687,3.38351,0.845878
movement,1000,200,4,4,1.40033,0.430099,3.25584,0.813959
movement,1000,200,4,5,1.44744,0.756761,1.91268,0.478171
movement,1000,200,4,6,1.70246,0.509537,3.34119,0.835298
movement,1000,200,4,7,1.52931,0.44677,3.42304,0.855759
movement,1000,200,4,8,1.68376,0.645939,2.60669,0.651672
movement,1000,200,4,9,1.73981,0.591023,2.94373,0.735932
movement,1000,200,4,10,1.66223,0.740602,2.24442,0.561106
movement,1000,200,8,1,1.49688,7.85881,0.190471,0.0238089
movement,1000,200,8,2,1.69661,0.57094,2.9716,0.37145
movement,1000,200,8,3,1.61964,3.29727,0.491207,0.0614009
movement,1000,200,8,4,1.40033,3.15768,0.443468,0.0554335
movement,1000,200,8,5,1.44744,2.164,0.668873,0.0836091
movement,1000,200,8,6,1.70246,1.65868,1.0264,0.1283
movement,1000,200,8,7,1.52931,0.520594,2.93763,0.367203
movement,1000,200,8,8,1.68376,2.35,0.716495,0.0895619
movement,1000,200,8,9,1.73981,1.0335,1.68342,0.210427
movement,1000,200,8,10,1.66223,0.562138,2.95697,0.369621
movement,10000,200,1,1,18.1022,12.7421,1.42066,1.42066
movement,10000,200,1,2,15.7855,12.3158,1.28174,1.28174
movement,10000,200,1,3,15.8038,11.9213,1.32568,1.32568
movement,10000,200,1,4,16.1691,11.7538,1.37564,1.37564
movement,10000,200,1,5,24.4572,11.8439,2.06495,2.06495
movement,10000,200,1,6,27.5004,11.9011,2.31074,2.31074
movement,10000,200,1,7,21.21,11.7051,1.81202,1.81202
movement,10000,200,1,8,18.5147,12.2855,1.50703,1.50703
movement,10000,200,1,9,16.7571,11.8513,1.41394,1.41394
movement,10000,200,1,10,17.4627,14.8371,1.17697,1.17697
movement,10000,200,2,1,18.1022,6.51214,2.77977,1.38988
movement,10000,200,2,2,15.7855,7.62988,2.06891,1.03445
movement,10000,200,2,3,15.8038,7.06286,2.2376,1.1188
movement,10000,200,2,4,16.1691,7.5379,2.14504,1.07252
movement,10000,200,2,5,24.4572,7.78839,3.14021,1.5701
movement,10000,200,2,6,27.5004,7.16696,3.83711,1.91855
movement,10000,200,2,7,21.21,6.87722,3.08409,1.54204
movement,10000,200,2,8,18.5147,7.29861,2.53674,1.26837
movement,10000,200,2,9,16.7571,6.8902,2.43202,1.21601
movement,10000,200,2,10,17.4627,6.89338,2.53326,1.26663
movement,10000,200,4,1,18.1022,20.9972,0.862124,0.215531
movement,10000,200,4,2,15.7855,4.21584,3.74434,0.936085
movement,10000,200,4,3,15.8038,6.21288,2.54372,0.635931
movement,10000,200,4,4,16.1691,5.46256,2.95998,0.739995
movement,10000,200,4,5,24.4572,4.49495,5.44103,1.36026
movement,10000,200,4,6,27.5004,4.80133,5.72767,1.43192
movement,10000,200,4,7,21.21,4.99076,4.24985,1.06246
movement,10000,200,4,8,18.5147,4.62045,4.00711,1.00178
movement,10000,200,4,9,16.7571,4.82872,3.4703,0.867575
movement,10000,200,4,10,17.4627,6.40986,2.72436,0.681089
movement,10000,200,8,1,18.1022,4.05263,4.46678,0.558347
movement,10000,200,8,2,15.7855,4.68739,3.36766,0.420958
movement,10000,200,8,3,15.8038,5.15988,3.06283,0.382854
movement,10000,200,8,4,16.1691,7.99385,2.02269,0.252836
movement,10000,200,8,5,24.4572,5.431,4.50325,0.562907
movement,10000,200,8,6,27.5004,5.59118,4.91853,0.614817
movement,10000,200,8,7,21.21,5.59939,3.7879,0.473488
movement,10000,200,8,8,18.5147,5.48625,3.37474,0.421843
movement,10000,200,8,9,16.7571,5.03086,3.33086,0.416358
movement,10000,200,8,10,17.4627,5.03381,3.46909,0.433636
movement,100000,200,1,1,181.228,124.625,1.45418,1.45418
movement,100000,200,1,2,151.722,124.547,1.21819,1.21819
movement,100000,200,1,3,184.143,134.675,1.36731,1.36731
movement,100000,200,1,4,174.331,134.921,1.29209,1.29209
movement,100000,200,1,5,161.839,117.102,1.38204,1.38204
movement,100000,200,1,6,160.444,117.138,1.3697,1.3697
movement,100000,200,1,7,159.784,123.194,1.29701,1.29701
movement,100000,200,1,8,158.274,124.491,1.27136,1.27136
movement,100000,200,1,9,152.556,124.138,1.22892,1.22892
movement,100000,200,1,10,154.341,123.599,1.24872,1.24872
movement,100000,200,2,1,181.228,73.8879,2.45274,1.22637
movement,100000,200,2,2,151.722,75.2426,2.01643,1.00822
movement,100000,200,2,3,184.143,83.2415,2.21215,1.10608
movement,100000,200,2,4,174.331,72.7215,2.39724,1.19862
movement,100000,200,2,5,161.839,73.2069,2.2107,1.10535
movement,100000,200,2,6,160.444,68.2312,2.35147,1.17574
movement,100000,200,2,7,159.784,67.6282,2.36269,1.18134
movement,100000,200,2,8,158.274,67.7925,2.33468,1.16734
movement,100000,200,2,9,152.556,67.98,2.24414,1.12207
movement,100000,200,2,10,154.341,68.5965,2.24998,1.12499
movement,100000,200,4,1,181.228,49.8683,3.63413,0.908532
movement,100000,200,4,2,151.722,45.5233,3.33284,0.833209
movement,100000,200,4,3,184.143,44.0673,4.17867,1.04467
movement,100000,200,4,4,174.331,42.7033,4.08237,1.02059
movement,100000,200,4,5,161.839,45.1071,3.58788,0.89697
movement,100000,200,4,6,160.444,45.6295,3.51623,0.879057
movement,100000,200,4,7,159.784,44.5667,3.58528,0.896321
movement,100000,200,4,8,158.274,43.3667,3.64966,0.912415
movement,100000,200,4,9,152.556,43.4713,3.50936,0.87734
movement,100000,200,4,10,154.341,42.942,3.59418,0.898544
movement,100000,200,8,1,181.228,55.844,3.24525,0.405656
movement,100000,200,8,2,151.722,49.6435,3.05622,0.382028
movement,100000,200,8,3,184.143,46.3822,3.97012,0.496265
movement,100000,200,8,4,174.331,50.9718,3.42014,0.427518
movement,100000,200,8,5,161.839,50.1244,3.22874,0.403593
movement,100000,200,8,6,160.444,46.6503,3.43928,0.429911
movement,100000,200,8,7,159.784,43.4111,3.68072,0.460091
movement,100000,200,8,8,158.274,46.6729,3.39113,0.423891
movement,100000,200,8,9,152.556,49.1991,3.1008,0.387599
movement,100000,200,8,10,154.341,51.8082,2.97908,0.372385
simulation,250,50,1,1,17.0057,6.70857,2.53493,2.53493
simulation,250,50,1,2,11.6591,6.6743,1.74686,1.74686
simulation,250,50,1,3,10.1982,6.5347,1.56062,1.56062
simulation,250,50,1,4,9.73339,6.77554,1.43655,1.43655
simulation,250,50,1,5,8.81784,6.41305,1.37498,1.37498
simulation,250,50,1,6,8.8979,6.59889,1.34839,1.34839
simulation,250,50,1,7,8.15285,6.43024,1.26789,1.26789
simulation,250,50,1,8,7.73548,6.38569,1.21138,1.21138
simulation,250,50,1,9,7.4402,6.5504,1.13584,1.13584
simulation,250,50,1,10,7.19508,6.25842,1.14967,1.14967
simulation,250,50,2,1,17.0057,5.14294,3.30662,1.65331
simulation,250,50,2,2,11.6591,5.38482,2.16518,1.08259
simulation,250,50,2,3,10.1982,5.91122,1.72523,0.862613
simulation,250,50,2,4,9.73339,5.14847,1.89054,0.94527
simulation,250,50,2,5,8.81784,5.1592,1.70915,0.854575
simulation,250,50,2,6,8.8979,5.44673,1.63362,0.816811
simulation,250,50,2,7,8.15285,5.20109,1.56753,0.783763
simulation,250,50,2,8,7.73548,5.08342,1.52171,0.760854
simulation,250,50,2,9,7.4402,5.34159,1.39288,0.69644
simulation,250,50,2,10,7.19508,5.46961,1.31547,0.657733
simulation,250,50,4,1,17.0057,3.37598,5.03727,1.25932
simulation,250,50,4,2,11.6591,3.17878,3.66779,0.916948
simulation,250,50,4,3,10.1982,3.78215,2.6964,0.674099
simulation,250,50,4,4,9.73339,3.96155,2.45697,0.614241
simulation,250,50,4,5,8.81784,3.53265,2.4961,0.624024
simulation,250,50,4,6,8.8979,3.43672,2.58907,0.647267
simulation,250,50,4,7,8.15285,3.57606,2.27984,0.569961
simulation,250,50,4,8,7.73548,3.89686,1.98505,0.496263
simulation,250,50,4,9,7.4402,4.76156,1.56255,0.390638
simulation,250,50,4,10,7.19508,4.80567,1.49721,0.374302
simulation,250,50,8,1,17.0057,4.07719,4.17094,0.521368
simulation,250,50,8,2,11.6591,4.42436,2.6352,0.3294
simulation,250,50,8,3,10.1982,6.14888,1.65855,0.207318
simulation,250,50,8,4,9.73339,3.67756,2.64669,0.330837
simulation,250,50,8,5,8.81784,4.6112,1.91227,0.239033
simulation,250,50,8,6,8.8979,3.88724,2.28901,0.286126
simulation,250,50,8,7,8.15285,4.21132,1.93594,0.241992
simulation,250,50,8,8,7.73548,4.10737,1.88332,0.235415
simulation,250,50,8,9,7.4402,4.19421,1.77392,0.22174
simulation,250,50,8,10,7.19508,3.69902,1.94514,0.243142
simulation,500,50,1,1,36.8048,24.6489,1.49316,1.49316
simulation,500,50,1,2,30.5505,23.9985,1.27302,1.27302
simulation,500,50,1,3,27.4359,24.1081,1.13804,1.13804
simulation,500,50,1,4,26.1011,24.5333,1.06391,1.06391
simulation,500,50,1,5,24.9353,26.1926,0.951998,0.951998
simulation,500,50,1,6,24.5072,27.9518,0.876765,0.876765
simulation,500,50,1,7,24.1433,25.862,0.933541,0.933541
simulation,500,50,1,8,25.0689,24.3246,1.0306,1.0306
simulation,500,50,1,9,25.0822,23.7122,1.05777,1.05777
simulation,500,50,1,10,24.9654,23.2632,1.07317,1.07317
simulation,500,50,2,1,36.8048,21.4438,1.71634,0.858168
simulation,500,50,2,2,30.5505,19.849,1.53915,0.769573
simulation,500,50,2,3,27.4359,20.0963,1.36522,0.682611
simulation,500,50,2,4,26.1011,19.4702,1.34057,0.670284
simulation,500,50,2,5,24.9353,20.5156,1.21543,0.607717
simulation,500,50,2,6,24.5072,21.1709,1.15759,0.578794
simulation,500,50,2,7,24.1433,22.2527,1.08496,0.54248
simulation,500,50,2,8,25.0689,22.4741,1.11545,0.557727
simulation,500,50,2,9,25.0822,21.7009,1.15581,0.577907
simulation,500,50,2,10,24.9654,21.5457,1.15872,0.579359
simulation,500,50,4,1,36.8048,18.0795,2.03572,0.508931
simulation,500,50,4,2,30.5505,14.1714,2.15579,0.538949
simulation,500,50,4,3,27.4359,14.4217,1.90241,0.475603
simulation,500,50,4,4,26.1011,15.2107,1.71598,0.428994
simulation,500,50,4,5,24.9353,15.012,1.66102,0.415256
simulation,500,50,4,6,24.5072,25.795,0.950073,0.237518
simulation,500,50,4,7,24.1433,19.5818,1.23294,0.308236
simulation,500,50,4,8,25.0689,19.7386,1.27004,0.31751
simulation,500,50,4,9,25.0822,21.377,1.17332,0.293331
simulation,500,50,4,10,24.9654,17.6919,1.41112,0.35278
simulation,500,50,8,1,36.8048,16.3145,2.25596,0.281995
simulation,500,50,8,2,30.5505,16.9223,1.80534,0.225668
simulation,500,50,8,3,27.4359,14.9426,1.83609,0.229511
simulation,500,50,8,4,26.1011,16.1001,1.62118,0.202647
simulation,500,50,8,5,24.9353,14.45,1.72563,0.215704
simulation,500,50,8,6,24.5072,16.8635,1.45326,0.181658
simulation,500,50,8,7,24.1433,12.9387,1.86598,0.233247
simulation,500,50,8,8,25.0689,15.1478,1.65495,0.206869
simulation,500,50,8,9,25.0822,18.1949,1.37853,0.172316
simulation,500,50,8,10,24.9654,18.7352,1.33254,0.166567
simulation,1000,50,1,1,136.241,90.3636,1.5077,1.5077
simulation,1000,50,1,2,102.092,91.1638,1.11987,1.11987
simulation,1000,50,1,3,106.663,91.6275,1.16409,1.16409
simulation,1000,50,1,4,97.6689,91.2435,1.07042,1.07042
simulation,1000,50,1,5,100.897,93.5019,1.07909,1.07909
simulation,1000,50,1,6,114.032,103.678,1.09987,1.09987
simulation,1000,50,1,7,108.958,98.0261,1.11152,1.11152
simulation,1000,50,1,8,102.48,94.3725,1.0859,1.0859
simulation,1000,50,1,9,97.5331,94.4432,1.03272,1.03272
simulation,1000,50,1,10,94.9982,92.1682,1.0307,1.0307
simulation,1000,50,2,1,136.241,85.7872,1.58813,0.794063
simulation,1000,50,2,2,102.092,82.6888,1.23465,0.617325
simulation,1000,50,2,3,106.663,80.853,1.31922,0.659608
simulation,1000,50,2,4,97.6689,76.024,1.28471,0.642355
simulation,1000,50,2,5,100.897,75.4977,1.33643,0.668213
simulation,1000,50,2,6,114.032,75.0153,1.52012,0.760061
simulation,1000,50,2,7,108.958,78.2361,1.39268,0.696339
simulation,1000,50,2,8,102.48,78.995,1.29729,0.648646
simulation,1000,50,2,9,97.5331,80.0648,1.21818,0.609088
simulation,1000,50,2,10,94.9982,89.8603,1.05718,0.528588
simulation,1000,50,4,1,136.241,58.9061,2.31285,0.578212
simulation,1000,50,4,2,102.092,59.2912,1.72187,0.430467
simulation,1000,50,4,3,106.663,64.2226,1.66083,0.415206
simulation,1000,50,4,4,97.6689,57.9835,1.68443,0.421107
simulation,1000,50,4,5,100.897,57.1668,1.76496,0.441239
simulation,1000,50,4,6,114.032,56.5736,2.01565,0.503911
simulation,1000,50,4,7,108.958,55.4907,1.96353,0.490882
simulation,1000,50,4,8,102.48,55.7585,1.83792,0.459479
simulation,1000,50,4,9,97.5331,56.5465,1.72483,0.431207
simulation,1000,50,4,10,94.9982,54.8479,1.73203,0.433007
simulation,1000,50,8,1,136.241,60.0172,2.27003,0.283754
simulation,1000,50,8,2,102.092,55.9137,1.82588,0.228235
simulation,1000,50,8,3,106.663,63.6119,1.67677,0.209596
simulation,1000,50,8,4,97.6689,59.5981,1.63879,0.204849
simulation,1000,50,8,5,100.897,66.2881,1.5221,0.190262
simulation,1000,50,8,6,114.032,58.1251,1.96184,0.24523
simulation,1000,50,8,7,108.958,50.5632,2.15488,0.26936
simulation,1000,50,8,8,102.48,44.7373,2.2907,0.286337
simulation,1000,50,8,9,97.5331,59.7447,1.6325,0.204062
simulation,1000,50,8,10,94.9982,60.0408,1.58223,0.197778
